id;nombre_original;latitud;longitud;nombre_normalizado;tipo;pais;region;estado;municipio;parroquia_sector;direccion_referencial;telefono
1;U.E.N Claudio Feliciano;10,4245342;-67,0141795;;ESCUELA;VENEZUELA;;;;;;
2;Colegio Rondalera;10,5163147;-66,8958806;;ESCUELA;VENEZUELA;;;;;;
3;Colegio Dora Burgueño;10,5030306;-66,9001789;;ESCUELA;VENEZUELA;;;;;;
4;E.B.N. Simón Rodríguez;10,5109352;-66,8899769;;ESCUELA;VENEZUELA;;;;;;
5;Liceo José Félix Blanco;10,520244;-66,9439905;;ESCUELA;VENEZUELA;;;;;;
6;Colegio Diego Renato Mejias;10,5193975;-66,941657;;ESCUELA;VENEZUELA;;;;;;
7;Colegio Belén;10,510304;-66,8383892;;ESCUELA;VENEZUELA;;;;;;
8;Escuela La Consolación;10,4748725;-66,891274;;ESCUELA;VENEZUELA;;;;;;
9;Colegio San Felipe;10,4720069;-66,9562106;;ESCUELA;VENEZUELA;;;;;;
10;Liceo La Creación;10,4641402;-66,9833566;;ESCUELA;VENEZUELA;;;;;;
11;Escuela Inés Ponte;10,4597224;-66,9903535;;ESCUELA;VENEZUELA;;;;;;
12;Escuela Fe y Alegría Prisco Villasmil;10,4641746;-66,9836323;;ESCUELA;VENEZUELA;;;;;;
13;Escuela Santa Roraima;10,4621527;-66,9849204;;ESCUELA;VENEZUELA;;;;;;
14;Colegio Paulo VI;10,4819649;-66,9397297;;ESCUELA;VENEZUELA;;;;;;
15;Colegio Aula Nueva;10,4618303;-66,8340518;;ESCUELA;VENEZUELA;;;;;;
16;Colegio Aula Nueva;10,4637248;-66,8484844;;ESCUELA;VENEZUELA;;;;;;
17;Colegio Guzmán Blanco;10,4934931;-66,9230348;;ESCUELA;VENEZUELA;;;;;;
18;Colegio Miguel Ángel;10,4941983;-66,9244563;;ESCUELA;VENEZUELA;;;;;;
19;Colegio San Juan Bautista;10,4991527;-66,9237383;;ESCUELA;VENEZUELA;;;;;;
20;E.B. Instituto Jesús Obrero;10,5085462;-66,9431361;;ESCUELA;VENEZUELA;;;;;;
21;E.B. Enrique Rodó;10,5088679;-66,9436376;;ESCUELA;VENEZUELA;;;;;;
22;Escuela Fe y Alegría Luis Cañizales;10,5061836;-66,9345154;;ESCUELA;VENEZUELA;;;;;;
23;Escuela Luis Troconis Guerrero;10,5047491;-66,9274344;;ESCUELA;VENEZUELA;;;;;;
24;Escuela Abrahan Reyes;10,508399;-66,9371145;;ESCUELA;VENEZUELA;;;;;;
25;Escuela Martin Sanabria;10,5122625;-66,9272225;;ESCUELA;VENEZUELA;;;;;;
26;U.E. San Rafael de Paguita;10,5078952;-66,9221156;;ESCUELA;VENEZUELA;;;;;;
27;Escuela Guzmán Blanco;10,5037759;-66,9207448;;ESCUELA;VENEZUELA;;;;;;
28;Escuela José Gil Fontoul;10,5166956;-66,9161369;;ESCUELA;VENEZUELA;;;;;;
29;Colegio Santa Ana;10,4908135;-66,9205277;;ESCUELA;VENEZUELA;;;;;;
30;Colegio Santa Teresita del Niño Jesus;10,5106908;-66,9116506;;ESCUELA;VENEZUELA;;;;;;
31;U.E. Niño Dios de San José;10,5134254;-66,906827;;ESCUELA;VENEZUELA;;;;;;
32;Liceo Alcazar;10,5054582;-66,908487;;ESCUELA;VENEZUELA;;;;;;
33;Escuela Fray Luis de León;10,4970742;-66,9111988;;ESCUELA;VENEZUELA;;;;;;
34;Liceo Marina Mercante Almirante Lino de Clemente;10,4805829;-66,9004327;;ESCUELA;VENEZUELA;;;;;;
35;Colegio Dr. Nicolás J, Mendible;10,4801742;-66,8998555;;ESCUELA;VENEZUELA;;;;;;
36;Escuela Caracciolo Parra;10,4724515;-66,9004917;;ESCUELA;VENEZUELA;;;;;;
37;Colegio Tirso de Molina;10,5201841;-66,902144;;ESCUELA;VENEZUELA;;;;;;
38;Liceo Martín Tovar Aponte;10,479499;-66,9152145;;ESCUELA;VENEZUELA;;;;;;
39;U E Colegio Las Acacias;10,4845231;-66,9011112;;ESCUELA;VENEZUELA;;;;;;
40;S/N;10,4858389;-66,895572;;ESCUELA;VENEZUELA;;;;;;
41;Escuela Fe y Alegría Padre Machado;10,4886184;-66,9025482;;ESCUELA;VENEZUELA;;;;;;
42;U.E.P. Mis Anhelos;10,4865589;-66,896087;;ESCUELA;VENEZUELA;;;;;;
43;Escuela José Gonzalo Méndez;10,4756542;-66,8898121;;ESCUELA;VENEZUELA;;;;;;
44;U.E. Plaza Sésamo;10,4787681;-66,8936034;;ESCUELA;VENEZUELA;;;;;;
45;Colegio San Lázaro;10,4790924;-66,89344;;ESCUELA;VENEZUELA;;;;;;
46;Colegio Santa Caterina de Siena;10,4779795;-66,8913718;;ESCUELA;VENEZUELA;;;;;;
47;Colegio Paul Harris;10,4780295;-66,8868606;;ESCUELA;VENEZUELA;;;;;;
48;Colegio Caricuao;10,434769;-66,9844698;;ESCUELA;VENEZUELA;;;;;;
49;E.B. Octavio Antonio;10,4844228;-66,8872764;;ESCUELA;VENEZUELA;;;;;;
50;U.E. Monseñor de Castro;10,4988915;-66,9166749;;ESCUELA;VENEZUELA;;;;;;
51;E.B.N. Rita Freire de Gallego;10,5005843;-66,9173328;;ESCUELA;VENEZUELA;;;;;;
52;U.E.P. Santa Cecilia;10,4973356;-66,9119599;;ESCUELA;VENEZUELA;;;;;;
53;U.E. Batalla del Lago;10,4984325;-66,912701;;ESCUELA;VENEZUELA;;;;;;
54;U.E.P. Santa Rosalia;10,4986832;-66,9139456;;ESCUELA;VENEZUELA;;;;;;
55;Unidad Educativa Instituto Alcazar Del Centro;10,5000863;-66,9154224;;ESCUELA;VENEZUELA;;;;;;
56;Colegio Nuestra Señora del Pilar;10,4981556;-66,9144633;;ESCUELA;VENEZUELA;;;;;;
57;Liceo Independencia;10,4983799;-66,9122799;;ESCUELA;VENEZUELA;;;;;;
58;Colegio Luis de Camoes;10,5028856;-66,9055516;;ESCUELA;VENEZUELA;;;;;;
59;Liceo José Ángel Álamo;10,5051178;-66,9076048;;ESCUELA;VENEZUELA;;;;;;
60;Colegio Corazon de María;10,4961537;-66,9079048;;ESCUELA;VENEZUELA;;;;;;
61;U.E. Páez;10,4769536;-66,8978174;;ESCUELA;VENEZUELA;;;;;;
62;Colegio Arauca;10,5144668;-66,8948375;;ESCUELA;VENEZUELA;;;;;;
63;Colegio Parroquial San Bernardino;10,513644;-66,901079;;ESCUELA;VENEZUELA;;;;;;
64;Colegio Juana de Arco;10,5168192;-66,8970556;;ESCUELA;VENEZUELA;;;;;;
65;U.E.N. Vicente Landaeta;10,5179095;-66,8997023;;ESCUELA;VENEZUELA;;;;;;
66;U.E. José Vargas;10,5199837;-66,900682;;ESCUELA;VENEZUELA;;;;;;
67;Colegio Ohr Jabad;10,5149441;-66,9027527;;ESCUELA;VENEZUELA;;;;;;
68;U.E.N. Amelia Cocking;10,5194564;-66,9007705;;ESCUELA;VENEZUELA;;;;;;
69;Colegio Virgen de Coromoto;10,5121673;-66,903316;;ESCUELA;VENEZUELA;;;;;;
70;Colegio San Pedro;10,4847208;-66,891447;;ESCUELA;VENEZUELA;;;;;;
71;Ue Liceo Leopoldo Aguerrevere;10,4855623;-66,8893632;;ESCUELA;VENEZUELA;;;;;;
72;Instituto de Educación Especial Mevorah Flore;10,4837002;-66,8754073;;ESCUELA;VENEZUELA;;;;;;
73;Colegio Virgen de la Montaña;10,4918182;-66,8759517;;ESCUELA;VENEZUELA;;;;;;
74;U.E.N. Julio Bustamante;10,4893047;-66,8732592;;ESCUELA;VENEZUELA;;;;;;
75;Escuela 19 de Abril;10,4988872;-66,9242171;;ESCUELA;VENEZUELA;;;;;;
76;Colegio Siete Estrellas;10,4997747;-66,8833814;;ESCUELA;VENEZUELA;;;;;;
77;Colegio Cristobal Colón;10,5027337;-66,877443;;ESCUELA;VENEZUELA;;;;;;
78;U.E. Elías Rodríguez;10,4934242;-66,9106675;;ESCUELA;VENEZUELA;;;;;;
79;U.E.N. Juan Bautita Della Costa;10,4928254;-66,9130198;;ESCUELA;VENEZUELA;;;;;;
80;U.E. José de Oviedo y Baños;10,4928887;-66,9105254;;ESCUELA;VENEZUELA;;;;;;
81;Escuela Nerida Siso de Vazquez;10,4951845;-66,9031716;;ESCUELA;VENEZUELA;;;;;;
82;Escuela Municipal Andrés Bello;10,4946771;-66,8532552;;ESCUELA;VENEZUELA;;;;;;
83;U.E. Colegio El Alba;10,5051126;-66,8447553;;ESCUELA;VENEZUELA;;;;;;
84;U.E.N. José Felix Ribas;10,5044165;-66,8367329;;ESCUELA;VENEZUELA;;;;;;
85;Colegio Rodríguez Paz;10,5077947;-66,8359012;;ESCUELA;VENEZUELA;;;;;;
86;Colegio San Marcos Evangelista;10,4848977;-66,8334364;;ESCUELA;VENEZUELA;;;;;;
87;Colegio Patria;10,4995004;-66,8306062;;ESCUELA;VENEZUELA;;;;;;
88;U.E. María Auxiliadora;10,4946847;-66,8251725;;ESCUELA;VENEZUELA;;;;;;
89;Colegio Eleazar Lopéz Contreras;10,4963225;-66,8256982;;ESCUELA;VENEZUELA;;;;;;
90;U.E.P Almirante José Prudencio Padilla;10,4796835;-66,8185958;;ESCUELA;VENEZUELA;;;;;;
91;Instituto Didáctico Andrés Bello;10,4779928;-66,8213799;;ESCUELA;VENEZUELA;;;;;;
92;Colegio Nuestra Señora de la Guía;10,4794566;-66,8207925;;ESCUELA;VENEZUELA;;;;;;
93;Colegio Manuel Piar;10,477257;-66,8136631;;ESCUELA;VENEZUELA;;;;;;
94;Escuela Leoncio Martínez;10,4777501;-66,813883;;ESCUELA;VENEZUELA;;;;;;
95;Escuela Municipal Simón Rodríguez;10,4948244;-66,8142452;;ESCUELA;VENEZUELA;;;;;;
96;Colegio Laura Vicuña;10,4974064;-66,8119817;;ESCUELA;VENEZUELA;;;;;;
97;Colegio Cruz Carrillo;10,4978492;-66,8116706;;ESCUELA;VENEZUELA;;;;;;
98;Colegio Bertrand Russell;10,4829653;-66,7938962;;ESCUELA;VENEZUELA;;;;;;
99;U.E. Nuestra Señora de la Encarnación;10,4816229;-66,7946714;;ESCUELA;VENEZUELA;;;;;;
100;Colegio Macaracuay;10,4638371;-66,812302;;ESCUELA;VENEZUELA;;;;;;
101;Escuela Básica Colegio Divina Presencia;10,4316343;-66,980274;;ESCUELA;VENEZUELA;;;;;;
102;U.E.P Corazón de María;10,4843019;-66,8139479;;ESCUELA;VENEZUELA;;;;;;
103;Complejo Educativo Privado de la USB;10,4078492;-66,8754392;;ESCUELA;VENEZUELA;;;;;;
104;Colegio Simón Rodriguez;10,4779219;-66,8239459;;ESCUELA;VENEZUELA;;;;;;
105;Escuela Tulio Febres Cordero;10,5256108;-66,9342168;;ESCUELA;VENEZUELA;;;;;;
106;Liceo Nicanor Bolet Peraza;10,5208574;-66,9371736;;ESCUELA;VENEZUELA;;;;;;
107;Escuela Ciudad Barcelona;10,5225127;-66,9386426;;ESCUELA;VENEZUELA;;;;;;
108;Escuela San Ramón Nonato;10,5228126;-66,9344682;;ESCUELA;VENEZUELA;;;;;;
109;S/N;10,5234039;-66,9372881;;ESCUELA;VENEZUELA;;;;;;
110;U.E Colegio Arístides Rojas;10,4826846;-66,9469045;;ESCUELA;VENEZUELA;;;;;;
111;Alianza Francesa La Castellana;10,5031204;-66,8576225;;ESCUELA;VENEZUELA;;;;;;
112;Colegio Los Rosales;10,4801746;-66,8966325;;ESCUELA;VENEZUELA;;;;;;
113;Escuela Luis Hurtado Higuera;10,4860255;-67,0025799;;ESCUELA;VENEZUELA;;;;;;
114;Escuela Básica;10,4639681;-66,9451054;;ESCUELA;VENEZUELA;;;;;;
115;Colegio Sagrado Corazón de Jesús;10,4768521;-66,8089981;;ESCUELA;VENEZUELA;;;;;;
116;U.E San Martín de Porres;10,5055914;-66,8951505;;ESCUELA;VENEZUELA;;;;;;
117;Colegio Jefferson;10,4717603;-66,8749514;;ESCUELA;VENEZUELA;;;;;;
118;Unidad Educativa Madre Matilde;10,4557658;-66,8802729;;ESCUELA;VENEZUELA;;;;;;
119;Colegio Simón Bolívar;10,4298112;-66,887816;;ESCUELA;VENEZUELA;;;;;;
120;Colegio Moral y Luces Herzl-Bialik;10,5051906;-66,8202726;;ESCUELA;VENEZUELA;;;;;;
121;Colegio Promesas Patrias;10,4840562;-66,8718991;;ESCUELA;VENEZUELA;;;;;;
122;Mano amiga;10,4265505;-66,7225041;;ESCUELA;VENEZUELA;;;;;;
123;U.E.D. Nueva Esparta;10,5171502;-66,9667496;;ESCUELA;VENEZUELA;;;;;;
124;U.E. Arturo Michelena;10,4316613;-66,860541;;ESCUELA;VENEZUELA;;;;;;
125;Colegio Castelao;10,5059895;-66,8875834;;ESCUELA;VENEZUELA;;;;;;
126;Escuela Superior de Guerra;10,4524489;-66,9069542;;ESCUELA;VENEZUELA;;;;;;
127;Colegio Tiuna;10,4379742;-66,9929887;;ESCUELA;VENEZUELA;;;;;;
128;Liceo Fidel Jesús Orozco;10,5313312;-66,9651622;;ESCUELA;VENEZUELA;;;;;;
129;E.B. Lorenzo Herrera;10,5302685;-66,9647518;;ESCUELA;VENEZUELA;;;;;;
130;Fe y Alegría Juan Pablo II;10,5328132;-66,9748932;;ESCUELA;VENEZUELA;;;;;;
131;E.B. Manuel Antonio Gómez;10,5288655;-66,9748879;;ESCUELA;VENEZUELA;;;;;;
132;E.B. Manuel María Echeandía;10,5299784;-66,9459361;;ESCUELA;VENEZUELA;;;;;;
133;S/N;10,4951701;-66,7895177;;ESCUELA;VENEZUELA;;;;;;
134;I.E.E. Rómulo Gallegos;10,5136059;-66,9530869;;ESCUELA;VENEZUELA;;;;;;
135;UEP Colegio San Antonio;10,5100874;-66,9168832;;ESCUELA;VENEZUELA;;;;;;
136;U.E. Colegio Santa Caterina Da Siena;10,4782546;-66,8915549;;ESCUELA;VENEZUELA;;;;;;
137;E.B.N. Franklin Delano Roosevelt;10,4830662;-66,8975872;;ESCUELA;VENEZUELA;;;;;;
138;Centro de Educación y Gastronomía Cecilia Mujica;10,4847424;-66,9418684;;ESCUELA;VENEZUELA;;;;;;
139;S/N;10,444848;-66,9068789;;ESCUELA;VENEZUELA;;;;;;
140;Liceo Avila;10,5026157;-66,911786;;ESCUELA;VENEZUELA;;;;;;
141;S/N;10,5222413;-66,9298653;;ESCUELA;VENEZUELA;;;;;;
142;Colegio Madison;10,4621529;-66,8235079;;ESCUELA;VENEZUELA;;;;;;
143;Maestro Simón;10,458201;-66,8917318;;ESCUELA;VENEZUELA;;;;;;
144;Colegio Fray Luis Amigó;10,4808078;-66,880167;;ESCUELA;VENEZUELA;;;;;;
145;Colegio Casagrande;10,4821491;-66,8784119;;ESCUELA;VENEZUELA;;;;;;
146;S/N;10,4654093;-66,8200213;;ESCUELA;VENEZUELA;;;;;;
147;C.E.I.A “Olga Hernández”;10,451394;-66,9218863;;ESCUELA;VENEZUELA;;;;;;
148;Unidad Educativa Consuelo Navas Tovar;10,4897317;-66,8028197;;ESCUELA;VENEZUELA;;;;;;
149;Casa de los Niños Luisa Cáceres de Arismendi;10,4893052;-66,8028724;;ESCUELA;VENEZUELA;;;;;;
150;IFI Cecilio Acosta;10,4928084;-66,9256747;;ESCUELA;VENEZUELA;;;;;;
151;S/N;10,4708792;-66,8528579;;ESCUELA;VENEZUELA;;;;;;
152;U.E. Don Bosco;10,4927602;-66,8252733;;ESCUELA;VENEZUELA;;;;;;
153;Colegio Integral El Ávila;10,4998954;-66,7881673;;ESCUELA;VENEZUELA;;;;;;
154;E.B.N. Dr. Rafael Napoleón Baute;10,4815661;-66,7978088;;ESCUELA;VENEZUELA;;;;;;
155;Colegio Emil Friedman;10,4589312;-66,8711435;;ESCUELA;VENEZUELA;;;;;;
156;Liceo Andrés Bello;10,5012193;-66,903636;;ESCUELA;VENEZUELA;;;;;;
157;Colegio Santa Rosa de Lima;10,4680294;-66,860663;;ESCUELA;VENEZUELA;;;;;;
158;Colegio San Ignacio de Loyola;10,4997004;-66,8570986;;ESCUELA;VENEZUELA;;;;;;
159;Liceo Gustavo Herrera;10,4892591;-66,8523248;;ESCUELA;VENEZUELA;;;;;;
160;Escuela Juan Lovera;10,4276394;-67,0179042;;ESCUELA;VENEZUELA;;;;;;
161;U.E. Niño Simón;10,4707691;-66,9629982;;ESCUELA;VENEZUELA;;;;;;
162;Sede del Ministerio de Educación;10,5106671;-66,9148643;;ESCUELA;VENEZUELA;;;;;;
163;Escuela Matias Nuñez;10,4873695;-66,9503126;;ESCUELA;VENEZUELA;;;;;;
164;Colegio Nuestra Señora del Valle;10,4876749;-66,9527017;;ESCUELA;VENEZUELA;;;;;;
165;Colegio Ave María;10,4860087;-66,946352;;ESCUELA;VENEZUELA;;;;;;
166;Escuela Técnica José de San Martín;10,4909727;-66,9450586;;ESCUELA;VENEZUELA;;;;;;
167;Escuela Técnica Luis Razetti;10,492248;-66,9457936;;ESCUELA;VENEZUELA;;;;;;
168;U.E. Pablo Acosta Ortíz;10,4927422;-66,9455955;;ESCUELA;VENEZUELA;;;;;;
169;Escuela Manuel Antonio Carreño;10,4780113;-66,9455193;;ESCUELA;VENEZUELA;;;;;;
170;Escuela Juan Rodríguez Suárez;10,4839275;-66,9392794;;ESCUELA;VENEZUELA;;;;;;
171;Colegio San Agustín El Paraiso;10,4886531;-66,9374272;;ESCUELA;VENEZUELA;;;;;;
172;U.E. República del Ecuador;10,492183;-66,9361612;;ESCUELA;VENEZUELA;;;;;;
173;Colegio José Antonio González;10,4855155;-66,9358294;;ESCUELA;VENEZUELA;;;;;;
174;Liceo Eduardo Crema;10,4899408;-66,9305832;;ESCUELA;VENEZUELA;;;;;;
175;Unidad Educacional Paraíso;10,4877827;-66,9330174;;ESCUELA;VENEZUELA;;;;;;
176;Instituto Andes;10,4355886;-66,8373416;;ESCUELA;VENEZUELA;;;;;;
177;Colegio Champagnat;10,474277;-66,8301345;;ESCUELA;VENEZUELA;;;;;;
178;U.E.N. Alfaro Zamora;10,4643712;-66,8314204;;ESCUELA;VENEZUELA;;;;;;
179;Colegio Madison;10,4650212;-66,8317433;;ESCUELA;VENEZUELA;;;;;;
180;Liceo Fermín Toro;10,5059593;-66,9194547;;ESCUELA;VENEZUELA;;;;;;
181;U.E. Fe y Alegría Virginia de Ruíz;10,5021988;-66,9481818;;ESCUELA;VENEZUELA;;;;;;
182;Escuela Miguel Antonio Caro;10,5159935;-66,9391759;;ESCUELA;VENEZUELA;;;;;;
183;Liceo Miguel Antonio Caro;10,5146895;-66,9400243;;ESCUELA;VENEZUELA;;;;;;
184;Instituto Técnico Jesús Obrero;10,5107506;-66,9369434;;ESCUELA;VENEZUELA;;;;;;
185;Colegio Cristo Rey;10,5071582;-66,9335592;;ESCUELA;VENEZUELA;;;;;;
186;Colegio Santiago de León de Caracas;10,4957302;-66,8438641;;ESCUELA;VENEZUELA;;;;;;
187;Escuela Tomas Vicente Gonzalez;10,4339885;-66,9805486;;ESCUELA;VENEZUELA;;;;;;
188;Liceo Rafael Guinand;10,4356654;-66,9823792;;ESCUELA;VENEZUELA;;;;;;
189;Liceo Francisco Fajardo;10,4351909;-66,9997723;;ESCUELA;VENEZUELA;;;;;;
190;Colegio Santa Luisa;10,4815448;-66,9085201;;ESCUELA;VENEZUELA;;;;;;
191;Escuela San Vicente de Paul;10,4814256;-66,9076527;;ESCUELA;VENEZUELA;;;;;;
192;U.E.N. Cristóbal Colón;10,4607107;-66,9138998;;ESCUELA;VENEZUELA;;;;;;
193;Liceo Diego de Losada;10,4578513;-66,9158572;;ESCUELA;VENEZUELA;;;;;;
194;U.E.N. Pedro Mendoza;10,4591304;-66,9141769;;ESCUELA;VENEZUELA;;;;;;
195;Liceo Luis Cardenas Saavedra;10,4556841;-66,9181334;;ESCUELA;VENEZUELA;;;;;;
196;Escuela Juan España;10,4661239;-66,9051852;;ESCUELA;VENEZUELA;;;;;;
197;Liceo José Ávalos;10,4630623;-66,9109683;;ESCUELA;VENEZUELA;;;;;;
198;U.E. Colegio Nuestra Madre;10,4864103;-66,9038649;;ESCUELA;VENEZUELA;;;;;;
199;Liceo Básico Gustavo H, Machado;10,517784;-66,9386707;;ESCUELA;VENEZUELA;;;;;;
200;U.E. Gran Colombia;10,4776485;-66,9084547;;ESCUELA;VENEZUELA;;;;;;
201;Colegio San José;10,4543876;-66,9201327;;ESCUELA;VENEZUELA;;;;;;
202;Liceo Fray Pedro de Agreda;10,4541717;-66,9191814;;ESCUELA;VENEZUELA;;;;;;
203;U.E.N. Básica Doctor Jesús Muñoz Tébar;10,4534356;-66,9253016;;ESCUELA;VENEZUELA;;;;;;
204;U.E.N Pedro Emilio Coll;10,4508582;-66,9227481;;ESCUELA;VENEZUELA;;;;;;
205;U.E.N Carlos Delgado Chalbaud;10,4483788;-66,9265207;;ESCUELA;VENEZUELA;;;;;;
206;U.E. José Hernández Parra;10,4359154;-66,9569439;;ESCUELA;VENEZUELA;;;;;;
207;Liceo Caricuao;10,4315049;-66,9605722;;ESCUELA;VENEZUELA;;;;;;
208;Colegio San Agustín;10,4306779;-66,9762074;;ESCUELA;VENEZUELA;;;;;;
209;Escuela Cuatricentenaria;10,435212;-66,9941705;;ESCUELA;VENEZUELA;;;;;;
210;Liceo Militar Gran Mariscal de Ayacucho;10,4294112;-67,0054207;;ESCUELA;VENEZUELA;;;;;;
211;U.E. Francisco Pimentel;10,4964572;-66,9177013;;ESCUELA;VENEZUELA;;;;;;
212;Liceo Carlos Soublette;10,5139097;-66,9000636;;ESCUELA;VENEZUELA;;;;;;
213;U.E.D Ramón Pompilio Oropeza;10,4838849;-66,8904241;;ESCUELA;VENEZUELA;;;;;;
214;Colegio Francia de Caracas;10,4904793;-66,8320106;;ESCUELA;VENEZUELA;;;;;;
215;Colegio Claret;10,4322099;-66,8159734;;ESCUELA;VENEZUELA;;;;;;
216;Academia Merici;10,4549273;-66,838785;;ESCUELA;VENEZUELA;;;;;;
217;U.E. Colegio La Salle de La Colina;10,5113313;-66,8813253;;ESCUELA;VENEZUELA;;;;;;
218;U.E. Colegio Teresiano Nuestra Señora de Coromoto;10,4882273;-66,9242813;;ESCUELA;VENEZUELA;;;;;;
219;International Christian School;10,4835432;-66,8796681;;ESCUELA;VENEZUELA;;;;;;
220;Colegio La Concordia;10,4824289;-66,880949;;ESCUELA;VENEZUELA;;;;;;
221;Colegio San Antonio;10,5021194;-66,876437;;ESCUELA;VENEZUELA;;;;;;
222;Colegio Agustín Codazzi;10,5046489;-66,8745067;;ESCUELA;VENEZUELA;;;;;;
223;Escuela Xoe Xique da Silva;10,4977005;-66,9311009;;ESCUELA;VENEZUELA;;;;;;
224;U.E. Manuel Landaeta Rosales;10,5117841;-66,9457046;;ESCUELA;VENEZUELA;;;;;;
225;U.E.B. Juan Landaeta;10,514486;-66,9433772;;ESCUELA;VENEZUELA;;;;;;
226;Escuela Domingo Faustino Sarmiento;10,5027074;-66,8888903;;ESCUELA;VENEZUELA;;;;;;
227;Liceo José Manuel Nuñez Ponte;10,5032043;-66,8888538;;ESCUELA;VENEZUELA;;;;;;
228;Colegio Santo Tomás de Villanueva;10,4837982;-66,8671854;;ESCUELA;VENEZUELA;;;;;;
229;U.E. Santo Domingo de Guzmán;10,487561;-66,8611953;;ESCUELA;VENEZUELA;;;;;;
230;Escuela Libertador;10,4913617;-66,8545539;;ESCUELA;VENEZUELA;;;;;;
231;Colegio Teresiano;10,5010499;-66,856534;;ESCUELA;VENEZUELA;;;;;;
232;The British School Caracas;10,5107076;-66,8463726;;ESCUELA;VENEZUELA;;;;;;
233;Colegio Don Bosco;10,5060309;-66,850484;;ESCUELA;VENEZUELA;;;;;;
234;Colegio Maria Auxiliadora;10,5050138;-66,8525122;;ESCUELA;VENEZUELA;;;;;;
235;Colegio Cristo Rey;10,5058524;-66,8494455;;ESCUELA;VENEZUELA;;;;;;
236;Colegio Madre Emilia;10,495002;-66,8315218;;ESCUELA;VENEZUELA;;;;;;
237;Colegio Nuestra Señora de La Coromoto;10,4905917;-66,8342932;;ESCUELA;VENEZUELA;;;;;;
238;Colegio Juan Pablo Monet;10,4994419;-66,8279117;;ESCUELA;VENEZUELA;;;;;;
239;U.E. Ricardo Zuloaga;10,4991713;-66,831204;;ESCUELA;VENEZUELA;;;;;;
240;Colegio Eugenia Ravasco;10,5035974;-66,8273974;;ESCUELA;VENEZUELA;;;;;;
241;Liceo Esteban Gil Borges;10,4965454;-66,8288126;;ESCUELA;VENEZUELA;;;;;;
242;Colegio María Inmaculada;10,4957707;-66,8289645;;ESCUELA;VENEZUELA;;;;;;
243;U.E.N. Luis Beltrán Prieto Figueroa;10,4934527;-66,8267617;;ESCUELA;VENEZUELA;;;;;;
244;Escuela Juan Bautista Plaza;10,4973785;-66,8263254;;ESCUELA;VENEZUELA;;;;;;
245;Colegio San Agustín;10,487221;-66,8180538;;ESCUELA;VENEZUELA;;;;;;
246;U.E.E. Lino de Clemente;10,4786049;-66,8188417;;ESCUELA;VENEZUELA;;;;;;
247;Liceo Felife Fermín Paúl;10,4656395;-66,9822009;;ESCUELA;VENEZUELA;;;;;;
248;ETI Leonardo Infante;10,4819654;-66,8160904;;ESCUELA;VENEZUELA;;;;;;
249;Liceo Mariano Picón Salas;10,4803835;-66,8111996;;ESCUELA;VENEZUELA;;;;;;
250;Colegio Juan Pablo II;10,4751894;-66,8201593;;ESCUELA;VENEZUELA;;;;;;
251;Colegio Madre del Divino Pastor;10,4959029;-66,8061488;;ESCUELA;VENEZUELA;;;;;;
252;Colegio Bolívar y Garibaldi;10,5001801;-66,8053817;;ESCUELA;VENEZUELA;;;;;;
253;Liceo Antonio Arráiz;10,4994197;-66,9182024;;ESCUELA;VENEZUELA;;;;;;
254;Liceo Rafael Urdaneta;10,5131393;-66,9061451;;ESCUELA;VENEZUELA;;;;;;
255;Liceo Santos MIchelena;10,5125458;-66,9057701;;ESCUELA;VENEZUELA;;;;;;
256;Colegio Refugio de Mi Infancia;10,4623741;-66,9819272;;ESCUELA;VENEZUELA;;;;;;
257;Liceo Simón Bolívar;10,5131916;-66,9156626;;ESCUELA;VENEZUELA;;;;;;
258;Colegio San Luis;10,4693555;-66,8394035;;ESCUELA;VENEZUELA;;;;;;
259;U.E. Colegio El Ángel;10,4776613;-66,8403294;;ESCUELA;VENEZUELA;;;;;;
260;Colegio Valle Abierto;10,4697788;-66,84295;;ESCUELA;VENEZUELA;;;;;;
261;Escuela Municipal Simón Bolívar;10,4780972;-66,800709;;ESCUELA;VENEZUELA;;;;;;
262;Colegio Caminito;10,4806489;-66,7948414;;ESCUELA;VENEZUELA;;;;;;
263;Colegio Cynthia Rosenberg;10,4833944;-66,8082712;;ESCUELA;VENEZUELA;;;;;;
264;Unidad Educativa Creación UD-4;10,4277279;-66,9763451;;ESCUELA;VENEZUELA;;;;;;
265;U.E. Rafael Seijas;10,4322657;-66,9750878;;ESCUELA;VENEZUELA;;;;;;
266;Colegio San Agustín;10,430497;-66,9751723;;ESCUELA;VENEZUELA;;;;;;
267;U.E. Ramón Díaz Sánchez;10,4333397;-66,9703006;;ESCUELA;VENEZUELA;;;;;;
268;Colegio Bolívar y Palacios;10,4331639;-66,9663142;;ESCUELA;VENEZUELA;;;;;;
269;Escuela Berta Machado de Aza;10,4282263;-66,9781701;;ESCUELA;VENEZUELA;;;;;;
270;Colegio Nuestra Señora del Rosario;10,4333528;-66,9639372;;ESCUELA;VENEZUELA;;;;;;
271;Liceo Benito Juarez;10,4351066;-66,9754579;;ESCUELA;VENEZUELA;;;;;;
272;E.B. José Agustín Marquiegi;10,4369662;-66,973672;;ESCUELA;VENEZUELA;;;;;;
273;U.E. Mireya Vanegas;10,4342255;-66,9718386;;ESCUELA;VENEZUELA;;;;;;
274;Escuela Guayana Esequiba;10,4403057;-66,9909413;;ESCUELA;VENEZUELA;;;;;;
275;Escuela Núñez Ponte;10,4347808;-66,9983443;;ESCUELA;VENEZUELA;;;;;;
276;U.E. Fayol y Taylor;10,4343456;-66,9767122;;ESCUELA;VENEZUELA;;;;;;
277;Colegio María Taberoa;10,4320976;-66,9659578;;ESCUELA;VENEZUELA;;;;;;
278;Colegio Los Pinos;10,4292153;-66,9766854;;ESCUELA;VENEZUELA;;;;;;
279;Escuela Menca de Leoni;10,4324117;-66,9821582;;ESCUELA;VENEZUELA;;;;;;
280;Colegio Yale;10,4699919;-66,8236705;;ESCUELA;VENEZUELA;;;;;;
281;Escuela Especial Caricuao;10,4318735;-66,9758724;;ESCUELA;VENEZUELA;;;;;;
282;Escuela Martínez Centeno;10,5056301;-66,8379681;;ESCUELA;VENEZUELA;;;;;;
283;Colegio Santa Gema;10,5019015;-66,8398955;;ESCUELA;VENEZUELA;;;;;;
284;E.B. Andrés Bello;10,4632259;-66,9821481;;ESCUELA;VENEZUELA;;;;;;
285;Unidad Educativa Maestro Aristóbulo;10,5108592;-66,915582;;ESCUELA;VENEZUELA;;;;;;
286;Institutos Educacionales Asociados;10,4367306;-66,8798897;;ESCUELA;VENEZUELA;;;;;;
287;U.E. Fundación Delfino;10,4715628;-66,9473711;;ESCUELA;VENEZUELA;;;;;;
288;U.E. Juan Antonio Mandarino;10,4711312;-66,9526117;;ESCUELA;VENEZUELA;;;;;;
289;U.E. María Antonia Bolívar;10,471028;-66,9488528;;ESCUELA;VENEZUELA;;;;;;
290;U.E. Pedro Fontes;10,472453;-66,9490737;;ESCUELA;VENEZUELA;;;;;;
291;S/N;10,5171452;-66,938738;;ESCUELA;VENEZUELA;;;;;;
292;Liceo Básico Luis Espelozin;10,5170863;-66,9337969;;ESCUELA;VENEZUELA;;;;;;
293;U.E. Agustín Aveledo;10,5180687;-66,9339242;;ESCUELA;VENEZUELA;;;;;;
294;Colegio La Concepción;10,4777532;-66,9485375;;ESCUELA;VENEZUELA;;;;;;
295;U.E. Instituto Humanitas;10,4762422;-66,9478678;;ESCUELA;VENEZUELA;;;;;;
296;U.E. Francisco Salias (Primaria);10,4768154;-66,9492003;;ESCUELA;VENEZUELA;;;;;;
297;U.E. Francisco Salias (Secundaria);10,4766105;-66,9499907;;ESCUELA;VENEZUELA;;;;;;
298;Colegio Mariano Picón Salas;10,4779948;-66,9520054;;ESCUELA;VENEZUELA;;;;;;
299;Colegio Juan Germán Roscio;10,4744952;-66,9507971;;ESCUELA;VENEZUELA;;;;;;
300;Colegio Venezuela;10,4602688;-66,9864905;;ESCUELA;VENEZUELA;;;;;;
301;Escuela Mercedes Limardo;10,4597804;-66,9862695;;ESCUELA;VENEZUELA;;;;;;
302;Colegio Josefa de Delfino;10,4670395;-66,9477282;;ESCUELA;VENEZUELA;;;;;;
303;Escuela Amanda Schnell;10,4698463;-66,9459911;;ESCUELA;VENEZUELA;;;;;;
304;Complejo Educativo Vargas;10,4807257;-66,939633;;ESCUELA;VENEZUELA;;;;;;
305;E.B.N Vicente Emilio Sojo;10,4587736;-66,9453465;;ESCUELA;VENEZUELA;;;;;;
306;Escuela Caricuao;10,4327007;-66,997291;;ESCUELA;VENEZUELA;;;;;;
307;Colegio Schonthal;10,5034997;-66,8444549;;ESCUELA;VENEZUELA;;;;;;
308;Escuela Soublette;10,4923188;-66,8506324;;ESCUELA;VENEZUELA;;;;;;
309;Colegio Católico Manuel Muñoz Tébar;10,4878054;-66,8131083;;ESCUELA;VENEZUELA;;;;;;
310;Colegio San Judas Tadeo;10,4676974;-66,8083073;;ESCUELA;VENEZUELA;;;;;;
311;U.E.N. Juan Bautista Castro El Llanito;10,4685611;-66,8072547;;ESCUELA;VENEZUELA;;;;;;
312;Escuela Técnica Manuel Palacio Fajardo;10,5076342;-66,9353465;;ESCUELA;VENEZUELA;;;;;;
313;U.E.M. Socorro González;10,4740423;-66,8094048;;ESCUELA;VENEZUELA;;;;;;
314;Colegio San Antonio;10,4679243;-66,8169178;;ESCUELA;VENEZUELA;;;;;;
315;Colegio Nuestra Señora de La Consolación;10,4595055;-66,8883395;;ESCUELA;VENEZUELA;;;;;;
316;Colegio Cubagua;10,4650735;-66,887249;;ESCUELA;VENEZUELA;;;;;;
317;Liceo Instuto Didactico Antonio Jose de Sucre;10,4631794;-66,8834854;;ESCUELA;VENEZUELA;;;;;;
318;Colegio Las Cumbres;10,4574311;-66,8858771;;ESCUELA;VENEZUELA;;;;;;
319;Liceo Las Cumbres;10,4644415;-66,8890216;;ESCUELA;VENEZUELA;;;;;;
320;Colegio Don Eloy;10,4644162;-66,8896419;;ESCUELA;VENEZUELA;;;;;;
321;Colegio Nuestra Señora de La Consolación;10,5004623;-66,8821439;;ESCUELA;VENEZUELA;;;;;;
322;U.E. Colegio San José de Tarbes;10,5052637;-66,8786157;;ESCUELA;VENEZUELA;;;;;;
323;Colegio Agustiniano Cristo Rey;10,4795151;-66,8873101;;ESCUELA;VENEZUELA;;;;;;
324;Liceo Elba H. Yánez;10,4528275;-66,9532938;;ESCUELA;VENEZUELA;;;;;;
325;Instituto Cumbres de Caracas;10,466362;-66,8370799;;ESCUELA;VENEZUELA;;;;;;
326;Colegio Monseñor Castro;10,4992899;-66,9171511;;ESCUELA;VENEZUELA;;;;;;
327;Colegio Nuestra Señora de Lourdes;10,4953238;-66,916434;;ESCUELA;VENEZUELA;;;;;;
328;Liceo Bicentenario;10,4986365;-66,9040172;;ESCUELA;VENEZUELA;;;;;;
329;Colegio El Placer;10,4521368;-66,8546877;;ESCUELA;VENEZUELA;;;;;;
330;Colegio Henry Clay;10,4520356;-66,8513735;;ESCUELA;VENEZUELA;;;;;;
331;Colegio Internacional Caracas;10,4515612;-66,859172;;ESCUELA;VENEZUELA;;;;;;
332;Escuela San Nicolás de Bari;10,4741513;-66,783254;;ESCUELA;VENEZUELA;;;;;;
333;Colegio Fe y Alegría Monterrey;10,4202646;-66,8721373;;ESCUELA;VENEZUELA;;;;;;
334;Colegio Kavak;10,4163575;-66,8364995;;ESCUELA;VENEZUELA;;;;;;
335;Liceo Parroquial Nuestra Señora del Rosario;10,4337556;-66,8664867;;ESCUELA;VENEZUELA;;;;;;
336;CEIN Lino de Clemente;10,4380022;-66,860877;;ESCUELA;VENEZUELA;;;;;;
337;Escuela Municipal Miguel José Sanz;10,4339987;-66,8748079;;ESCUELA;VENEZUELA;;;;;;
338;U.E.N. Nicolas de Castro;10,4868856;-66,8311823;;ESCUELA;VENEZUELA;;;;;;
339;U.E. Virginia de Ruiz;10,4945635;-66,9461603;;ESCUELA;VENEZUELA;;;;;;
340;Escuela Técnica Popular Don Bosco;10,4914153;-66,8256818;;ESCUELA;VENEZUELA;;;;;;
341;Escuela Técnica San José Obrero;10,4655727;-66,9872498;;ESCUELA;VENEZUELA;;;;;;
342;U.E. Amalia Pellín;10,5096025;-66,9258882;;ESCUELA;VENEZUELA;;;;;;
343;Colegio Fe y Alegria La Rinconada;10,4387928;-66,9260525;;ESCUELA;VENEZUELA;;;;;;
344;U.E.N República de Venezuela;10,4421552;-66,925054;;ESCUELA;VENEZUELA;;;;;;
345;U.E.N Gladys Vanegas;10,4418687;-66,9281211;;ESCUELA;VENEZUELA;;;;;;
346;U.E.N Guillermo Delgado Palacios;10,4594827;-66,9196596;;ESCUELA;VENEZUELA;;;;;;
347;Liceo Militar Generalísimo;10,4343196;-66,9231185;;ESCUELA;VENEZUELA;;;;;;
348;U.E.N.B. Santiago Key Ayala;10,4804219;-66,9109008;;ESCUELA;VENEZUELA;;;;;;
349;Colegio Guaicaipuro;10,4836364;-66,9160931;;ESCUELA;VENEZUELA;;;;;;
350;Liceo Urbaneja Archelpol;10,4784331;-66,8966516;;ESCUELA;VENEZUELA;;;;;;
351;U.E. Josefa Irausquín López;10,4669677;-66,8427732;;ESCUELA;VENEZUELA;;;;;;
352;Escuela Abigail González;10,4680388;-66,90578;;ESCUELA;VENEZUELA;;;;;;
353;Escuela Tomás Aguerrevere;10,4845461;-66,909114;;ESCUELA;VENEZUELA;;;;;;
354;U.E.P. Colegio Agustiniano San Judas Tadeo;10,5206638;-66,9204372;;ESCUELA;VENEZUELA;;;;;;
355;S/N;10,4436376;-66,9334176;;ESCUELA;VENEZUELA;;;;;;
356;Colegio Caniguá;10,4151033;-66,8086484;;ESCUELA;VENEZUELA;;;;;;
357;Escuela Municipal Juan Manuel Cajigal;10,4228517;-66,8242044;;ESCUELA;VENEZUELA;;;;;;
358;Colegio St, George;10,50815;-66,8585334;;ESCUELA;VENEZUELA;;;;;;
359;Villa Loyola;10,5010318;-66,8580161;;ESCUELA;VENEZUELA;;;;;;
360;U.E.N. Antonio Ortega Ordóñez;10,4834491;-66,7911218;;ESCUELA;VENEZUELA;;;;;;
361;Colegio Luz de Caracas;10,4880236;-66,9354436;;ESCUELA;VENEZUELA;;;;;;
362;Colegio Santa Elena;10,4890628;-66,935423;;ESCUELA;VENEZUELA;;;;;;
363;Escuela Juan Landaeta;10,4937829;-66,9008381;;ESCUELA;VENEZUELA;;;;;;
364;U.E.N. Básica Conopoima;10,4231269;-66,821613;;ESCUELA;VENEZUELA;;;;;;
365;U.E.M. Juan de Dios Guanche;10,5049772;-66,859074;;ESCUELA;VENEZUELA;;;;;;
366;Colegio Los Arcos;10,4351918;-66,8508817;;ESCUELA;VENEZUELA;;;;;;
367;U.E. Instituto Santa Fe;10,4646729;-66,8678162;;ESCUELA;VENEZUELA;;;;;;
368;Colegio Jardín Franciscano;10,4992859;-66,8695904;;ESCUELA;VENEZUELA;;;;;;
369;Colegio Simón Bolívar;10,4404805;-66,8855931;;ESCUELA;VENEZUELA;;;;;;
370;U.E. Instituto Escuela;10,4542808;-66,882205;;ESCUELA;VENEZUELA;;;;;;
371;Escuela Campo Alegre;10,4826808;-66,8696379;;ESCUELA;VENEZUELA;;;;;;
372;Colegio Mater Salvatoris;10,4850395;-66,866207;;ESCUELA;VENEZUELA;;;;;;
373;Liceo Lino Gallardo;10,5209892;-66,9185964;;ESCUELA;VENEZUELA;;;;;;
374;Colegio El Carmelo;10,4873362;-66,8986641;;ESCUELA;VENEZUELA;;;;;;
375;Instituto Jean Piaget;10,410124;-66,8539516;;ESCUELA;VENEZUELA;;;;;;
376;U.E. Victor Manuel Turmero Morales;10,4961323;-66,9157771;;ESCUELA;VENEZUELA;;;;;;
377;Escuela Municipal Anzoátegui;10,5132385;-66,9098664;;ESCUELA;VENEZUELA;;;;;;
378;E.B. José Antonio Villavicencio;10,4632104;-66,9825411;;ESCUELA;VENEZUELA;;;;;;
379;E.B. Luis Enrique Marmol;10,5076193;-66,9317373;;ESCUELA;VENEZUELA;;;;;;
380;U.E.N. Armando Zuluaga;10,5115904;-66,9111237;;ESCUELA;VENEZUELA;;;;;;
381;U.E. Teresa Carreño;10,4975695;-66,9165421;;ESCUELA;VENEZUELA;;;;;;
382;U.E. Patronato San José de Tarbes;10,5017371;-66,8997571;;ESCUELA;VENEZUELA;;;;;;
383;Colegio San Martín;10,4940711;-66,9347245;;ESCUELA;VENEZUELA;;;;;;
384;E.B. Departamento Vargas;10,5096672;-66,9319671;;ESCUELA;VENEZUELA;;;;;;
385;Escuela Diego de Lozada;10,5075838;-66,9292384;;ESCUELA;VENEZUELA;;;;;;
386;U.E. José Gregorio Hernández;10,5089987;-66,929491;;ESCUELA;VENEZUELA;;;;;;
387;Preescolar Nuevo Amanecer;10,5083249;-66,9335228;;ESCUELA;VENEZUELA;;;;;;
388;E.B. Francisco González Guinand;10,510283;-66,9331404;;ESCUELA;VENEZUELA;;;;;;
389;U.E. Colegio Santa Teresa;10,5115454;-66,899938;;ESCUELA;VENEZUELA;;;;;;
390;Colegio Nuestra Señora de Pompei;10,5094187;-66,8699371;;ESCUELA;VENEZUELA;;;;;;
391;U.E. Instituto San Antonio;10,4948668;-66,9259972;;ESCUELA;VENEZUELA;;;;;;
392;S/N;10,5221457;-66,9227659;;ESCUELA;VENEZUELA;;;;;;
393;Escuela Cruz Salmerón Acosta;10,4357568;-66,995804;;ESCUELA;VENEZUELA;;;;;;
394;Escuela Mauro Páez Pumar;10,4298268;-66,9846043;;ESCUELA;VENEZUELA;;;;;;
395;Escuela Roberto Martínez Centeno;10,4283066;-66,98625;;ESCUELA;VENEZUELA;;;;;;
396;S/N;10,5300554;-66,9786635;;ESCUELA;VENEZUELA;;;;;;
397;U.E.D. Caracas;10,5136533;-66,9531579;;ESCUELA;VENEZUELA;;;;;;
398;Colegio La Salle;10,5103107;-66,9125761;;ESCUELA;VENEZUELA;;;;;;
399;U.E.N. Ramón Isidro Montes;10,5081305;-66,9472766;;ESCUELA;VENEZUELA;;;;;;
400;U.E. Fe y Alegría María Rosa Molas;10,508381;-66,9513046;;ESCUELA;VENEZUELA;;;;;;
401;E.P. El Vivero;10,5101713;-66,9658079;;ESCUELA;VENEZUELA;;;;;;
402;U.E. Fe y Alegría Eugenio Andrés Mendoza;10,5043815;-66,9678772;;ESCUELA;VENEZUELA;;;;;;
403;U.E.P. Cristo Redentor;10,5050771;-66,9683479;;ESCUELA;VENEZUELA;;;;;;
404;U.E.P. Guaicaipuro II;10,5192165;-66,958577;;ESCUELA;VENEZUELA;;;;;;
405;U.E.D. Cecilia Núñez Sucre;10,5185957;-66,9631908;;ESCUELA;VENEZUELA;;;;;;
406;U.E.D. Tamanaquito;10,5113012;-66,9683473;;ESCUELA;VENEZUELA;;;;;;
407;U.E.N. Nueva Caracas;10,5134166;-66,9602781;;ESCUELA;VENEZUELA;;;;;;
408;L.B. Juan de Gurruceaga;10,5020942;-66,9661055;;ESCUELA;VENEZUELA;;;;;;
409;E.B.N. San Martín;10,5052274;-66,970546;;ESCUELA;VENEZUELA;;;;;;
410;U.E.D. Luis Antonio Padrino;10,4989942;-66,9633692;;ESCUELA;VENEZUELA;;;;;;
411;U.E.B. Cardenal Quintero;10,5014328;-66,9669679;;ESCUELA;VENEZUELA;;;;;;
412;U.E.P. El Cristo;10,5161376;-66,949102;;ESCUELA;VENEZUELA;;;;;;
413;U.E.C.P. Santiago Mariño;10,5174025;-66,9503364;;ESCUELA;VENEZUELA;;;;;;
414;U.E. Colegio La Santísima Trinidad;10,5180743;-66,9484091;;ESCUELA;VENEZUELA;;;;;;
415;E.B.N. España;10,5149833;-66,9509752;;ESCUELA;VENEZUELA;;;;;;
416;U.E. Colegio Parroquial Santa Teresita;10,5104396;-66,953103;;ESCUELA;VENEZUELA;;;;;;
417;U.E.N.B. Eduardo Rohll;10,513102;-66,9555586;;ESCUELA;VENEZUELA;;;;;;
418;U.E.D. Teresa Carreño;10,5106549;-66,9560316;;ESCUELA;VENEZUELA;;;;;;
419;U.E. Tricolor;10,5095499;-66,9539492;;ESCUELA;VENEZUELA;;;;;;
420;U.E. Colegio La Presentación;10,5041688;-66,9547161;;ESCUELA;VENEZUELA;;;;;;
421;U.E.D. Alejandro Fuenmayor;10,5043897;-66,9540673;;ESCUELA;VENEZUELA;;;;;;
422;U.E.N.B. Baltazar Padrón;10,5000888;-66,9567591;;ESCUELA;VENEZUELA;;;;;;
423;Instituto Cecilio Acosta;10,5032002;-66,9545048;;ESCUELA;VENEZUELA;;;;;;
424;U.E.D. Miranda;10,4964517;-66,9574264;;ESCUELA;VENEZUELA;;;;;;
425;U.E.N.B. Socorro Machado;10,5007007;-66,9522513;;ESCUELA;VENEZUELA;;;;;;
426;U.E. Colegio Parroquial La Sagrada Familia;10,5034866;-66,9568489;;ESCUELA;VENEZUELA;;;;;;
427;U.E.D. José Ángel Lamas;10,5019;-66,9605498;;ESCUELA;VENEZUELA;;;;;;
428;U.E. Colegio Francisco de Miranda;10,5031743;-66,9553302;;ESCUELA;VENEZUELA;;;;;;
429;Colegio El Salvador;10,5048434;-66,9523078;;ESCUELA;VENEZUELA;;;;;;
430;U.E.N. 24 de Julio;10,51254;-66,9472735;;ESCUELA;VENEZUELA;;;;;;
431;Colegio Más Luz;10,4930975;-66,849766;;ESCUELA;VENEZUELA;;;;;;
432;Colegio Cervantes;10,5039359;-66,8802582;;ESCUELA;VENEZUELA;;;;;;
433;Colegio Marbe;10,4407882;-66,8575498;;ESCUELA;VENEZUELA;;;;;;
434;Liceo José Alberto Velandia;10,4392846;-66,8584384;;ESCUELA;VENEZUELA;;;;;;
435;Colegio Formación Integral 12 de Febrero;10,5141726;-66,8933548;;ESCUELA;VENEZUELA;;;;;;
436;EBN José Gonzalo Méndez;10,4756133;-66,8897992;;ESCUELA;VENEZUELA;;;;;;
437;UE Fe Y Alegria 'Padre Joaquin Lopez';10,4822346;-66,7252208;;ESCUELA;VENEZUELA;;;;;;
438;Escuela Básica Miguel Villavicencio;10,4949544;-66,941282;;ESCUELA;VENEZUELA;;;;;;
439;U.E.N.B 'Jesús María Páez';10,5209919;-66,9083805;;ESCUELA;VENEZUELA;;;;;;
440;Colegio Nazaret;10,5202854;-66,9041024;;ESCUELA;VENEZUELA;;;;;;
441;Escuela Municipal Graduada María May;10,4294871;-66,825977;;ESCUELA;VENEZUELA;;;;;;
442;S/N;10,4943327;-66,9247024;;ESCUELA;VENEZUELA;;;;;;
443;S/N;10,4943338;-66,9244867;;ESCUELA;VENEZUELA;;;;;;
444;S/N;10,4945812;-66,9243782;;ESCUELA;VENEZUELA;;;;;;
445;Liceo Caracas;10,4926675;-66,9277223;;ESCUELA;VENEZUELA;;;;;;
446;S/N;10,4935509;-66,9229752;;ESCUELA;VENEZUELA;;;;;;
447;Colegio San Jose de Tarbes;10,4892564;-66,9271904;;ESCUELA;VENEZUELA;;;;;;
448;S/N;10,4887727;-66,9269009;;ESCUELA;VENEZUELA;;;;;;
449;Escuela Básica Josefina Daviot;10,5034662;-66,8984214;;ESCUELA;VENEZUELA;;;;;;
450;Liceo Bolivariano;10,446708;-66,7482417;;ESCUELA;VENEZUELA;;;;;;
451;U.E.N. Juan de Escalona;10,4268341;-66,8235117;;ESCUELA;VENEZUELA;;;;;;
452;Escuela Experimental Venezuela;10,5015967;-66,8992281;;ESCUELA;VENEZUELA;;;;;;
453;Unidad Educativa Nacional 'Agustín Zamora Quintana';10,4963447;-66,9332499;;ESCUELA;VENEZUELA;;;;;;
454;U.E.N. La Negra Hipólita;10,4141498;-66,8167998;;ESCUELA;VENEZUELA;;;;;;
455;U.E. Liceo de Aplicación;10,4732679;-66,9603963;;ESCUELA;VENEZUELA;;;;;;
456;Colegio Humboldt Caracas;10,5122097;-66,8674515;;ESCUELA;VENEZUELA;;;;;;
457;U.E.D. Pérez Bonalde;10,5088854;-66,9463494;;ESCUELA;VENEZUELA;;;;;;
458;E.T.I. Rafael Vegas;10,5075409;-66,96065;;ESCUELA;VENEZUELA;;;;;;
459;E.B.N. José Gervasio Artigas;10,507509;-66,9597371;;ESCUELA;VENEZUELA;;;;;;
460;U.E.N. Andrés Eloy Blanco;10,5065203;-66,9598915;;ESCUELA;VENEZUELA;;;;;;
461;U.E.D. Isaías Medina Angarita;10,5136337;-66,9629795;;ESCUELA;VENEZUELA;;;;;;
462;U.E.N. Antonio José de Sucre;10,5168713;-66,9526963;;ESCUELA;VENEZUELA;;;;;;
463;E.B.N. Eduardo Calcaño;10,5179714;-66,9527034;;ESCUELA;VENEZUELA;;;;;;
464;U.E.N. Pedro Manuel Ruíz;10,5177273;-66,9523114;;ESCUELA;VENEZUELA;;;;;;
465;U.E. Colegio San José de Calasanz;10,5138927;-66,9518554;;ESCUELA;VENEZUELA;;;;;;
466;E.T.I. Julio Calcaño;10,5110732;-66,9544413;;ESCUELA;VENEZUELA;;;;;;
467;U.E.N.B. Sergio Medina;10,5019959;-66,9536112;;ESCUELA;VENEZUELA;;;;;;
468;U.E. Fe y Alegría Virgen Niña;10,4966074;-66,9588265;;ESCUELA;VENEZUELA;;;;;;
469;E.B. Miguel Ángel López Cárdenas;10,4964947;-66,9518993;;ESCUELA;VENEZUELA;;;;;;
470;U.E.N. Almiante Brión;10,5056161;-66,9605709;;ESCUELA;VENEZUELA;;;;;;
471;U.E.N. María Luisa Estrada Montufar;10,505865;-66,9609712;;ESCUELA;VENEZUELA;;;;;;
472;U.E.N. Mariano Picón Salas;10,505452;-66,9589146;;ESCUELA;VENEZUELA;;;;;;
473;Colegio Santo Tomás de Aquino;10,496522;-66,860618;;ESCUELA;VENEZUELA;;;;;;
